<application>
  <component name="FindSettings">
    <option name="customScope" value="Directory '…\app\src\main\res\values [collections_and_maps.app.main]'" />
    <option name="defaultScopeName" value="Directory '…\app\src\main\res\values [collections_and_maps.app.main]'" />
    <option name="SEARCH_SCOPE" value="Directory '…\app\src\main\res\values [collections_and_maps.app.main]'" />
    <mask>*.css</mask>
    <mask>*.html</mask>
    <mask>*.xml</mask>
    <mask>*.jsp</mask>
    <mask>*.properties</mask>
    <mask>*.java</mask>
  </component>
</application>