<application>
  <component name="ProjectJdkTable">
    <jdk version="2">
      <name value="JDK" />
      <type value="JavaSDK" />
      <version value="version 11.0.12" />
      <homePath value="$APPLICATION_HOME_DIR$/jre" />
      <roots>
        <annotationsPath>
          <root type="composite">
            <root url="jar://$APPLICATION_HOME_DIR$/plugins/java/lib/jdkAnnotations.jar!/" type="simple" />
          </root>
        </annotationsPath>
        <classPath>
          <root type="composite">
            <root url="jrt://D:/Android/Android Studio/jre!/java.base" type="simple" />
            <root url="jrt://D:/Android/Android Studio/jre!/java.compiler" type="simple" />
            <root url="jrt://D:/Android/Android Studio/jre!/java.datatransfer" type="simple" />
            <root url="jrt://D:/Android/Android Studio/jre!/java.desktop" type="simple" />
            <root url="jrt://D:/Android/Android Studio/jre!/java.instrument" type="simple" />
            <root url="jrt://D:/Android/Android Studio/jre!/java.logging" type="simple" />
            <root url="jrt://D:/Android/Android Studio/jre!/java.management" type="simple" />
            <root url="jrt://D:/Android/Android Studio/jre!/java.management.rmi" type="simple" />
            <root url="jrt://D:/Android/Android Studio/jre!/java.naming" type="simple" />
            <root url="jrt://D:/Android/Android Studio/jre!/java.net.http" type="simple" />
            <root url="jrt://D:/Android/Android Studio/jre!/java.prefs" type="simple" />
            <root url="jrt://D:/Android/Android Studio/jre!/java.rmi" type="simple" />
            <root url="jrt://D:/Android/Android Studio/jre!/java.scripting" type="simple" />
            <root url="jrt://D:/Android/Android Studio/jre!/java.se" type="simple" />
            <root url="jrt://D:/Android/Android Studio/jre!/java.security.jgss" type="simple" />
            <root url="jrt://D:/Android/Android Studio/jre!/java.security.sasl" type="simple" />
            <root url="jrt://D:/Android/Android Studio/jre!/java.smartcardio" type="simple" />
            <root url="jrt://D:/Android/Android Studio/jre!/java.sql" type="simple" />
            <root url="jrt://D:/Android/Android Studio/jre!/java.sql.rowset" type="simple" />
            <root url="jrt://D:/Android/Android Studio/jre!/java.transaction.xa" type="simple" />
            <root url="jrt://D:/Android/Android Studio/jre!/java.xml" type="simple" />
            <root url="jrt://D:/Android/Android Studio/jre!/java.xml.crypto" type="simple" />
            <root url="jrt://D:/Android/Android Studio/jre!/jdk.accessibility" type="simple" />
            <root url="jrt://D:/Android/Android Studio/jre!/jdk.aot" type="simple" />
            <root url="jrt://D:/Android/Android Studio/jre!/jdk.attach" type="simple" />
            <root url="jrt://D:/Android/Android Studio/jre!/jdk.charsets" type="simple" />
            <root url="jrt://D:/Android/Android Studio/jre!/jdk.compiler" type="simple" />
            <root url="jrt://D:/Android/Android Studio/jre!/jdk.crypto.cryptoki" type="simple" />
            <root url="jrt://D:/Android/Android Studio/jre!/jdk.crypto.ec" type="simple" />
            <root url="jrt://D:/Android/Android Studio/jre!/jdk.dynalink" type="simple" />
            <root url="jrt://D:/Android/Android Studio/jre!/jdk.hotspot.agent" type="simple" />
            <root url="jrt://D:/Android/Android Studio/jre!/jdk.httpserver" type="simple" />
            <root url="jrt://D:/Android/Android Studio/jre!/jdk.internal.ed" type="simple" />
            <root url="jrt://D:/Android/Android Studio/jre!/jdk.internal.jvmstat" type="simple" />
            <root url="jrt://D:/Android/Android Studio/jre!/jdk.internal.le" type="simple" />
            <root url="jrt://D:/Android/Android Studio/jre!/jdk.internal.opt" type="simple" />
            <root url="jrt://D:/Android/Android Studio/jre!/jdk.internal.vm.ci" type="simple" />
            <root url="jrt://D:/Android/Android Studio/jre!/jdk.internal.vm.compiler" type="simple" />
            <root url="jrt://D:/Android/Android Studio/jre!/jdk.internal.vm.compiler.management" type="simple" />
            <root url="jrt://D:/Android/Android Studio/jre!/jdk.jartool" type="simple" />
            <root url="jrt://D:/Android/Android Studio/jre!/jdk.javadoc" type="simple" />
            <root url="jrt://D:/Android/Android Studio/jre!/jdk.jdeps" type="simple" />
            <root url="jrt://D:/Android/Android Studio/jre!/jdk.jdi" type="simple" />
            <root url="jrt://D:/Android/Android Studio/jre!/jdk.jdwp.agent" type="simple" />
            <root url="jrt://D:/Android/Android Studio/jre!/jdk.jfr" type="simple" />
            <root url="jrt://D:/Android/Android Studio/jre!/jdk.jlink" type="simple" />
            <root url="jrt://D:/Android/Android Studio/jre!/jdk.jsobject" type="simple" />
            <root url="jrt://D:/Android/Android Studio/jre!/jdk.localedata" type="simple" />
            <root url="jrt://D:/Android/Android Studio/jre!/jdk.management" type="simple" />
            <root url="jrt://D:/Android/Android Studio/jre!/jdk.management.agent" type="simple" />
            <root url="jrt://D:/Android/Android Studio/jre!/jdk.management.jfr" type="simple" />
            <root url="jrt://D:/Android/Android Studio/jre!/jdk.naming.dns" type="simple" />
            <root url="jrt://D:/Android/Android Studio/jre!/jdk.naming.rmi" type="simple" />
            <root url="jrt://D:/Android/Android Studio/jre!/jdk.net" type="simple" />
            <root url="jrt://D:/Android/Android Studio/jre!/jdk.pack" type="simple" />
            <root url="jrt://D:/Android/Android Studio/jre!/jdk.scripting.nashorn" type="simple" />
            <root url="jrt://D:/Android/Android Studio/jre!/jdk.scripting.nashorn.shell" type="simple" />
            <root url="jrt://D:/Android/Android Studio/jre!/jdk.sctp" type="simple" />
            <root url="jrt://D:/Android/Android Studio/jre!/jdk.security.auth" type="simple" />
            <root url="jrt://D:/Android/Android Studio/jre!/jdk.security.jgss" type="simple" />
            <root url="jrt://D:/Android/Android Studio/jre!/jdk.unsupported" type="simple" />
            <root url="jrt://D:/Android/Android Studio/jre!/jdk.xml.dom" type="simple" />
            <root url="jrt://D:/Android/Android Studio/jre!/jdk.zipfs" type="simple" />
          </root>
        </classPath>
        <javadocPath>
          <root type="composite">
            <root url="https://docs.oracle.com/en/java/javase/11/docs/api/" type="simple" />
          </root>
        </javadocPath>
        <sourcePath>
          <root type="composite" />
        </sourcePath>
      </roots>
      <additional />
    </jdk>
    <jdk version="2">
      <name value="Android API 16 Platform" />
      <type value="Android SDK" />
      <version value="version 11.0.12" />
      <homePath value="D:/Android/sdk" />
      <roots>
        <annotationsPath>
          <root type="composite">
            <root url="jar://$APPLICATION_HOME_DIR$/plugins/android/resources/androidAnnotations.jar!/" type="simple" />
          </root>
        </annotationsPath>
        <classPath>
          <root type="composite">
            <root url="jar://D:/Android/sdk/platforms/android-16/android.jar!/" type="simple" />
            <root url="file://D:/Android/sdk/platforms/android-16/data/res" type="simple" />
          </root>
        </classPath>
        <javadocPath>
          <root type="composite">
            <root url="file://D:/Android/sdk/docs/reference" type="simple" />
          </root>
        </javadocPath>
        <sourcePath>
          <root type="composite">
            <root url="file://D:/Android/sdk/sources/android-16" type="simple" />
          </root>
        </sourcePath>
      </roots>
      <additional jdk="JDK" sdk="android-16" />
    </jdk>
    <jdk version="2">
      <name value="Android API 17 Platform" />
      <type value="Android SDK" />
      <version value="version 11.0.12" />
      <homePath value="D:/Android/sdk" />
      <roots>
        <annotationsPath>
          <root type="composite">
            <root url="jar://$APPLICATION_HOME_DIR$/plugins/android/resources/androidAnnotations.jar!/" type="simple" />
          </root>
        </annotationsPath>
        <classPath>
          <root type="composite">
            <root url="jar://D:/Android/sdk/platforms/android-17/android.jar!/" type="simple" />
            <root url="file://D:/Android/sdk/platforms/android-17/data/res" type="simple" />
          </root>
        </classPath>
        <javadocPath>
          <root type="composite">
            <root url="file://D:/Android/sdk/docs/reference" type="simple" />
          </root>
        </javadocPath>
        <sourcePath>
          <root type="composite">
            <root url="file://D:/Android/sdk/sources/android-17" type="simple" />
          </root>
        </sourcePath>
      </roots>
      <additional jdk="JDK" sdk="android-17" />
    </jdk>
    <jdk version="2">
      <name value="Android API 18 Platform" />
      <type value="Android SDK" />
      <version value="version 11.0.12" />
      <homePath value="D:/Android/sdk" />
      <roots>
        <annotationsPath>
          <root type="composite">
            <root url="jar://$APPLICATION_HOME_DIR$/plugins/android/resources/androidAnnotations.jar!/" type="simple" />
          </root>
        </annotationsPath>
        <classPath>
          <root type="composite">
            <root url="jar://D:/Android/sdk/platforms/android-18/android.jar!/" type="simple" />
            <root url="file://D:/Android/sdk/platforms/android-18/data/res" type="simple" />
          </root>
        </classPath>
        <javadocPath>
          <root type="composite">
            <root url="file://D:/Android/sdk/docs/reference" type="simple" />
          </root>
        </javadocPath>
        <sourcePath>
          <root type="composite">
            <root url="file://D:/Android/sdk/sources/android-18" type="simple" />
          </root>
        </sourcePath>
      </roots>
      <additional jdk="JDK" sdk="android-18" />
    </jdk>
    <jdk version="2">
      <name value="Android API 19 Platform" />
      <type value="Android SDK" />
      <version value="version 11.0.12" />
      <homePath value="D:/Android/sdk" />
      <roots>
        <annotationsPath>
          <root type="composite">
            <root url="jar://$APPLICATION_HOME_DIR$/plugins/android/resources/androidAnnotations.jar!/" type="simple" />
          </root>
        </annotationsPath>
        <classPath>
          <root type="composite">
            <root url="jar://D:/Android/sdk/platforms/android-19/android.jar!/" type="simple" />
            <root url="file://D:/Android/sdk/platforms/android-19/data/res" type="simple" />
          </root>
        </classPath>
        <javadocPath>
          <root type="composite">
            <root url="file://D:/Android/sdk/docs/reference" type="simple" />
          </root>
        </javadocPath>
        <sourcePath>
          <root type="composite">
            <root url="file://D:/Android/sdk/sources/android-19" type="simple" />
          </root>
        </sourcePath>
      </roots>
      <additional jdk="JDK" sdk="android-19" />
    </jdk>
    <jdk version="2">
      <name value="Android API 20 Platform" />
      <type value="Android SDK" />
      <version value="version 11.0.12" />
      <homePath value="D:/Android/sdk" />
      <roots>
        <annotationsPath>
          <root type="composite">
            <root url="jar://$APPLICATION_HOME_DIR$/plugins/android/resources/androidAnnotations.jar!/" type="simple" />
          </root>
        </annotationsPath>
        <classPath>
          <root type="composite">
            <root url="jar://D:/Android/sdk/platforms/android-20/android.jar!/" type="simple" />
            <root url="file://D:/Android/sdk/platforms/android-20/data/res" type="simple" />
          </root>
        </classPath>
        <javadocPath>
          <root type="composite">
            <root url="file://D:/Android/sdk/docs/reference" type="simple" />
          </root>
        </javadocPath>
        <sourcePath>
          <root type="composite">
            <root url="file://D:/Android/sdk/sources/android-20" type="simple" />
          </root>
        </sourcePath>
      </roots>
      <additional jdk="JDK" sdk="android-20" />
    </jdk>
    <jdk version="2">
      <name value="Android API 22 Platform" />
      <type value="Android SDK" />
      <version value="version 11.0.12" />
      <homePath value="D:/Android/sdk" />
      <roots>
        <annotationsPath>
          <root type="composite">
            <root url="jar://$APPLICATION_HOME_DIR$/plugins/android/resources/androidAnnotations.jar!/" type="simple" />
          </root>
        </annotationsPath>
        <classPath>
          <root type="composite">
            <root url="jar://D:/Android/sdk/platforms/android-22/android.jar!/" type="simple" />
            <root url="file://D:/Android/sdk/platforms/android-22/data/res" type="simple" />
          </root>
        </classPath>
        <javadocPath>
          <root type="composite">
            <root url="file://D:/Android/sdk/docs/reference" type="simple" />
          </root>
        </javadocPath>
        <sourcePath>
          <root type="composite" />
        </sourcePath>
      </roots>
      <additional jdk="JDK" sdk="android-22" />
    </jdk>
    <jdk version="2">
      <name value="Android API 24 Platform" />
      <type value="Android SDK" />
      <version value="version 11.0.12" />
      <homePath value="D:/Android/sdk" />
      <roots>
        <annotationsPath>
          <root type="composite">
            <root url="jar://$APPLICATION_HOME_DIR$/plugins/android/resources/androidAnnotations.jar!/" type="simple" />
          </root>
        </annotationsPath>
        <classPath>
          <root type="composite">
            <root url="jar://D:/Android/sdk/platforms/android-24/android.jar!/" type="simple" />
            <root url="file://D:/Android/sdk/platforms/android-24/data/res" type="simple" />
          </root>
        </classPath>
        <javadocPath>
          <root type="composite">
            <root url="file://D:/Android/sdk/docs/reference" type="simple" />
          </root>
        </javadocPath>
        <sourcePath>
          <root type="composite" />
        </sourcePath>
      </roots>
      <additional jdk="JDK" sdk="android-24" />
    </jdk>
    <jdk version="2">
      <name value="Android API 25 Platform" />
      <type value="Android SDK" />
      <version value="version 11.0.12" />
      <homePath value="D:/Android/sdk" />
      <roots>
        <annotationsPath>
          <root type="composite">
            <root url="jar://$APPLICATION_HOME_DIR$/plugins/android/resources/androidAnnotations.jar!/" type="simple" />
          </root>
        </annotationsPath>
        <classPath>
          <root type="composite">
            <root url="jar://D:/Android/sdk/platforms/android-25/android.jar!/" type="simple" />
            <root url="file://D:/Android/sdk/platforms/android-25/data/res" type="simple" />
          </root>
        </classPath>
        <javadocPath>
          <root type="composite">
            <root url="file://D:/Android/sdk/docs/reference" type="simple" />
          </root>
        </javadocPath>
        <sourcePath>
          <root type="composite">
            <root url="file://D:/Android/sdk/sources/android-25" type="simple" />
          </root>
        </sourcePath>
      </roots>
      <additional jdk="JDK" sdk="android-25" />
    </jdk>
    <jdk version="2">
      <name value="Android API 26 Platform" />
      <type value="Android SDK" />
      <version value="version 11.0.12" />
      <homePath value="D:/Android/sdk" />
      <roots>
        <annotationsPath>
          <root type="composite">
            <root url="jar://$APPLICATION_HOME_DIR$/plugins/android/resources/androidAnnotations.jar!/" type="simple" />
          </root>
        </annotationsPath>
        <classPath>
          <root type="composite">
            <root url="jar://D:/Android/sdk/platforms/android-26/android.jar!/" type="simple" />
            <root url="file://D:/Android/sdk/platforms/android-26/data/res" type="simple" />
          </root>
        </classPath>
        <javadocPath>
          <root type="composite">
            <root url="file://D:/Android/sdk/docs/reference" type="simple" />
          </root>
        </javadocPath>
        <sourcePath>
          <root type="composite" />
        </sourcePath>
      </roots>
      <additional jdk="JDK" sdk="android-26" />
    </jdk>
    <jdk version="2">
      <name value="Android API 28 Platform" />
      <type value="Android SDK" />
      <version value="version 11.0.12" />
      <homePath value="D:/Android/sdk" />
      <roots>
        <annotationsPath>
          <root type="composite">
            <root url="jar://D:/Android/sdk/platforms/android-28/data/annotations.zip!/" type="simple" />
          </root>
        </annotationsPath>
        <classPath>
          <root type="composite">
            <root url="jar://D:/Android/sdk/platforms/android-28/android.jar!/" type="simple" />
            <root url="file://D:/Android/sdk/platforms/android-28/data/res" type="simple" />
          </root>
        </classPath>
        <javadocPath>
          <root type="composite">
            <root url="file://D:/Android/sdk/docs/reference" type="simple" />
          </root>
        </javadocPath>
        <sourcePath>
          <root type="composite" />
        </sourcePath>
      </roots>
      <additional jdk="JDK" sdk="android-28" />
    </jdk>
    <jdk version="2">
      <name value="Android API 31 Platform" />
      <type value="Android SDK" />
      <version value="version 11.0.12" />
      <homePath value="D:/Android/sdk" />
      <roots>
        <annotationsPath>
          <root type="composite">
            <root url="jar://D:/Android/sdk/platforms/android-31/data/annotations.zip!/" type="simple" />
          </root>
        </annotationsPath>
        <classPath>
          <root type="composite">
            <root url="jar://D:/Android/sdk/platforms/android-31/android.jar!/" type="simple" />
            <root url="file://D:/Android/sdk/platforms/android-31/data/res" type="simple" />
          </root>
        </classPath>
        <javadocPath>
          <root type="composite">
            <root url="file://D:/Android/sdk/docs/reference" type="simple" />
          </root>
        </javadocPath>
        <sourcePath>
          <root type="composite">
            <root url="file://D:/Android/sdk/sources/android-31" type="simple" />
          </root>
        </sourcePath>
      </roots>
      <additional jdk="JDK" sdk="android-31" />
    </jdk>
    <jdk version="2">
      <name value="Android API 32 Platform" />
      <type value="Android SDK" />
      <version value="version 11.0.12" />
      <homePath value="D:/Android/sdk" />
      <roots>
        <annotationsPath>
          <root type="composite">
            <root url="jar://D:/Android/sdk/platforms/android-32/data/annotations.zip!/" type="simple" />
          </root>
        </annotationsPath>
        <classPath>
          <root type="composite">
            <root url="jar://D:/Android/sdk/platforms/android-32/android.jar!/" type="simple" />
            <root url="file://D:/Android/sdk/platforms/android-32/data/res" type="simple" />
          </root>
        </classPath>
        <javadocPath>
          <root type="composite">
            <root url="file://D:/Android/sdk/docs/reference" type="simple" />
          </root>
        </javadocPath>
        <sourcePath>
          <root type="composite" />
        </sourcePath>
      </roots>
      <additional jdk="JDK" sdk="android-32" />
    </jdk>
    <jdk version="2">
      <name value="Android API 33, extension level 3 Platform" />
      <type value="Android SDK" />
      <version value="version 11.0.12" />
      <homePath value="D:/Android/sdk" />
      <roots>
        <annotationsPath>
          <root type="composite">
            <root url="jar://D:/Android/sdk/platforms/android-33/data/annotations.zip!/" type="simple" />
          </root>
        </annotationsPath>
        <classPath>
          <root type="composite">
            <root url="jar://D:/Android/sdk/platforms/android-33/android.jar!/" type="simple" />
            <root url="file://D:/Android/sdk/platforms/android-33/data/res" type="simple" />
          </root>
        </classPath>
        <javadocPath>
          <root type="composite">
            <root url="file://D:/Android/sdk/docs/reference" type="simple" />
          </root>
        </javadocPath>
        <sourcePath>
          <root type="composite">
            <root url="file://D:/Android/sdk/sources/android-33" type="simple" />
          </root>
        </sourcePath>
      </roots>
      <additional jdk="JDK" sdk="android-33" />
    </jdk>
    <jdk version="2">
      <name value="Android Studio default JDK" />
      <type value="JavaSDK" />
      <version value="version 11.0.12" />
      <homePath value="$APPLICATION_HOME_DIR$/jre" />
      <roots>
        <annotationsPath>
          <root type="composite">
            <root url="jar://$APPLICATION_HOME_DIR$/plugins/java/lib/jdkAnnotations.jar!/" type="simple" />
          </root>
        </annotationsPath>
        <classPath>
          <root type="composite">
            <root url="jrt://D:/Android/Android Studio/jre!/java.base" type="simple" />
            <root url="jrt://D:/Android/Android Studio/jre!/java.compiler" type="simple" />
            <root url="jrt://D:/Android/Android Studio/jre!/java.datatransfer" type="simple" />
            <root url="jrt://D:/Android/Android Studio/jre!/java.desktop" type="simple" />
            <root url="jrt://D:/Android/Android Studio/jre!/java.instrument" type="simple" />
            <root url="jrt://D:/Android/Android Studio/jre!/java.logging" type="simple" />
            <root url="jrt://D:/Android/Android Studio/jre!/java.management" type="simple" />
            <root url="jrt://D:/Android/Android Studio/jre!/java.management.rmi" type="simple" />
            <root url="jrt://D:/Android/Android Studio/jre!/java.naming" type="simple" />
            <root url="jrt://D:/Android/Android Studio/jre!/java.net.http" type="simple" />
            <root url="jrt://D:/Android/Android Studio/jre!/java.prefs" type="simple" />
            <root url="jrt://D:/Android/Android Studio/jre!/java.rmi" type="simple" />
            <root url="jrt://D:/Android/Android Studio/jre!/java.scripting" type="simple" />
            <root url="jrt://D:/Android/Android Studio/jre!/java.se" type="simple" />
            <root url="jrt://D:/Android/Android Studio/jre!/java.security.jgss" type="simple" />
            <root url="jrt://D:/Android/Android Studio/jre!/java.security.sasl" type="simple" />
            <root url="jrt://D:/Android/Android Studio/jre!/java.smartcardio" type="simple" />
            <root url="jrt://D:/Android/Android Studio/jre!/java.sql" type="simple" />
            <root url="jrt://D:/Android/Android Studio/jre!/java.sql.rowset" type="simple" />
            <root url="jrt://D:/Android/Android Studio/jre!/java.transaction.xa" type="simple" />
            <root url="jrt://D:/Android/Android Studio/jre!/java.xml" type="simple" />
            <root url="jrt://D:/Android/Android Studio/jre!/java.xml.crypto" type="simple" />
            <root url="jrt://D:/Android/Android Studio/jre!/jdk.accessibility" type="simple" />
            <root url="jrt://D:/Android/Android Studio/jre!/jdk.aot" type="simple" />
            <root url="jrt://D:/Android/Android Studio/jre!/jdk.attach" type="simple" />
            <root url="jrt://D:/Android/Android Studio/jre!/jdk.charsets" type="simple" />
            <root url="jrt://D:/Android/Android Studio/jre!/jdk.compiler" type="simple" />
            <root url="jrt://D:/Android/Android Studio/jre!/jdk.crypto.cryptoki" type="simple" />
            <root url="jrt://D:/Android/Android Studio/jre!/jdk.crypto.ec" type="simple" />
            <root url="jrt://D:/Android/Android Studio/jre!/jdk.dynalink" type="simple" />
            <root url="jrt://D:/Android/Android Studio/jre!/jdk.hotspot.agent" type="simple" />
            <root url="jrt://D:/Android/Android Studio/jre!/jdk.httpserver" type="simple" />
            <root url="jrt://D:/Android/Android Studio/jre!/jdk.internal.ed" type="simple" />
            <root url="jrt://D:/Android/Android Studio/jre!/jdk.internal.jvmstat" type="simple" />
            <root url="jrt://D:/Android/Android Studio/jre!/jdk.internal.le" type="simple" />
            <root url="jrt://D:/Android/Android Studio/jre!/jdk.internal.opt" type="simple" />
            <root url="jrt://D:/Android/Android Studio/jre!/jdk.internal.vm.ci" type="simple" />
            <root url="jrt://D:/Android/Android Studio/jre!/jdk.internal.vm.compiler" type="simple" />
            <root url="jrt://D:/Android/Android Studio/jre!/jdk.internal.vm.compiler.management" type="simple" />
            <root url="jrt://D:/Android/Android Studio/jre!/jdk.jartool" type="simple" />
            <root url="jrt://D:/Android/Android Studio/jre!/jdk.javadoc" type="simple" />
            <root url="jrt://D:/Android/Android Studio/jre!/jdk.jdeps" type="simple" />
            <root url="jrt://D:/Android/Android Studio/jre!/jdk.jdi" type="simple" />
            <root url="jrt://D:/Android/Android Studio/jre!/jdk.jdwp.agent" type="simple" />
            <root url="jrt://D:/Android/Android Studio/jre!/jdk.jfr" type="simple" />
            <root url="jrt://D:/Android/Android Studio/jre!/jdk.jlink" type="simple" />
            <root url="jrt://D:/Android/Android Studio/jre!/jdk.jsobject" type="simple" />
            <root url="jrt://D:/Android/Android Studio/jre!/jdk.localedata" type="simple" />
            <root url="jrt://D:/Android/Android Studio/jre!/jdk.management" type="simple" />
            <root url="jrt://D:/Android/Android Studio/jre!/jdk.management.agent" type="simple" />
            <root url="jrt://D:/Android/Android Studio/jre!/jdk.management.jfr" type="simple" />
            <root url="jrt://D:/Android/Android Studio/jre!/jdk.naming.dns" type="simple" />
            <root url="jrt://D:/Android/Android Studio/jre!/jdk.naming.rmi" type="simple" />
            <root url="jrt://D:/Android/Android Studio/jre!/jdk.net" type="simple" />
            <root url="jrt://D:/Android/Android Studio/jre!/jdk.pack" type="simple" />
            <root url="jrt://D:/Android/Android Studio/jre!/jdk.scripting.nashorn" type="simple" />
            <root url="jrt://D:/Android/Android Studio/jre!/jdk.scripting.nashorn.shell" type="simple" />
            <root url="jrt://D:/Android/Android Studio/jre!/jdk.sctp" type="simple" />
            <root url="jrt://D:/Android/Android Studio/jre!/jdk.security.auth" type="simple" />
            <root url="jrt://D:/Android/Android Studio/jre!/jdk.security.jgss" type="simple" />
            <root url="jrt://D:/Android/Android Studio/jre!/jdk.unsupported" type="simple" />
            <root url="jrt://D:/Android/Android Studio/jre!/jdk.xml.dom" type="simple" />
            <root url="jrt://D:/Android/Android Studio/jre!/jdk.zipfs" type="simple" />
          </root>
        </classPath>
        <javadocPath>
          <root type="composite" />
        </javadocPath>
        <sourcePath>
          <root type="composite" />
        </sourcePath>
      </roots>
      <additional />
    </jdk>
    <jdk version="2">
      <name value="11" />
      <type value="JavaSDK" />
      <version value="version 11.0.12" />
      <homePath value="$APPLICATION_HOME_DIR$/jre" />
      <roots>
        <annotationsPath>
          <root type="composite">
            <root url="jar://$APPLICATION_HOME_DIR$/plugins/java/lib/jdkAnnotations.jar!/" type="simple" />
          </root>
        </annotationsPath>
        <classPath>
          <root type="composite">
            <root url="jrt://D:/Android/Android Studio/jre!/java.base" type="simple" />
            <root url="jrt://D:/Android/Android Studio/jre!/java.compiler" type="simple" />
            <root url="jrt://D:/Android/Android Studio/jre!/java.datatransfer" type="simple" />
            <root url="jrt://D:/Android/Android Studio/jre!/java.desktop" type="simple" />
            <root url="jrt://D:/Android/Android Studio/jre!/java.instrument" type="simple" />
            <root url="jrt://D:/Android/Android Studio/jre!/java.logging" type="simple" />
            <root url="jrt://D:/Android/Android Studio/jre!/java.management" type="simple" />
            <root url="jrt://D:/Android/Android Studio/jre!/java.management.rmi" type="simple" />
            <root url="jrt://D:/Android/Android Studio/jre!/java.naming" type="simple" />
            <root url="jrt://D:/Android/Android Studio/jre!/java.net.http" type="simple" />
            <root url="jrt://D:/Android/Android Studio/jre!/java.prefs" type="simple" />
            <root url="jrt://D:/Android/Android Studio/jre!/java.rmi" type="simple" />
            <root url="jrt://D:/Android/Android Studio/jre!/java.scripting" type="simple" />
            <root url="jrt://D:/Android/Android Studio/jre!/java.se" type="simple" />
            <root url="jrt://D:/Android/Android Studio/jre!/java.security.jgss" type="simple" />
            <root url="jrt://D:/Android/Android Studio/jre!/java.security.sasl" type="simple" />
            <root url="jrt://D:/Android/Android Studio/jre!/java.smartcardio" type="simple" />
            <root url="jrt://D:/Android/Android Studio/jre!/java.sql" type="simple" />
            <root url="jrt://D:/Android/Android Studio/jre!/java.sql.rowset" type="simple" />
            <root url="jrt://D:/Android/Android Studio/jre!/java.transaction.xa" type="simple" />
            <root url="jrt://D:/Android/Android Studio/jre!/java.xml" type="simple" />
            <root url="jrt://D:/Android/Android Studio/jre!/java.xml.crypto" type="simple" />
            <root url="jrt://D:/Android/Android Studio/jre!/jdk.accessibility" type="simple" />
            <root url="jrt://D:/Android/Android Studio/jre!/jdk.aot" type="simple" />
            <root url="jrt://D:/Android/Android Studio/jre!/jdk.attach" type="simple" />
            <root url="jrt://D:/Android/Android Studio/jre!/jdk.charsets" type="simple" />
            <root url="jrt://D:/Android/Android Studio/jre!/jdk.compiler" type="simple" />
            <root url="jrt://D:/Android/Android Studio/jre!/jdk.crypto.cryptoki" type="simple" />
            <root url="jrt://D:/Android/Android Studio/jre!/jdk.crypto.ec" type="simple" />
            <root url="jrt://D:/Android/Android Studio/jre!/jdk.dynalink" type="simple" />
            <root url="jrt://D:/Android/Android Studio/jre!/jdk.hotspot.agent" type="simple" />
            <root url="jrt://D:/Android/Android Studio/jre!/jdk.httpserver" type="simple" />
            <root url="jrt://D:/Android/Android Studio/jre!/jdk.internal.ed" type="simple" />
            <root url="jrt://D:/Android/Android Studio/jre!/jdk.internal.jvmstat" type="simple" />
            <root url="jrt://D:/Android/Android Studio/jre!/jdk.internal.le" type="simple" />
            <root url="jrt://D:/Android/Android Studio/jre!/jdk.internal.opt" type="simple" />
            <root url="jrt://D:/Android/Android Studio/jre!/jdk.internal.vm.ci" type="simple" />
            <root url="jrt://D:/Android/Android Studio/jre!/jdk.internal.vm.compiler" type="simple" />
            <root url="jrt://D:/Android/Android Studio/jre!/jdk.internal.vm.compiler.management" type="simple" />
            <root url="jrt://D:/Android/Android Studio/jre!/jdk.jartool" type="simple" />
            <root url="jrt://D:/Android/Android Studio/jre!/jdk.javadoc" type="simple" />
            <root url="jrt://D:/Android/Android Studio/jre!/jdk.jdeps" type="simple" />
            <root url="jrt://D:/Android/Android Studio/jre!/jdk.jdi" type="simple" />
            <root url="jrt://D:/Android/Android Studio/jre!/jdk.jdwp.agent" type="simple" />
            <root url="jrt://D:/Android/Android Studio/jre!/jdk.jfr" type="simple" />
            <root url="jrt://D:/Android/Android Studio/jre!/jdk.jlink" type="simple" />
            <root url="jrt://D:/Android/Android Studio/jre!/jdk.jsobject" type="simple" />
            <root url="jrt://D:/Android/Android Studio/jre!/jdk.localedata" type="simple" />
            <root url="jrt://D:/Android/Android Studio/jre!/jdk.management" type="simple" />
            <root url="jrt://D:/Android/Android Studio/jre!/jdk.management.agent" type="simple" />
            <root url="jrt://D:/Android/Android Studio/jre!/jdk.management.jfr" type="simple" />
            <root url="jrt://D:/Android/Android Studio/jre!/jdk.naming.dns" type="simple" />
            <root url="jrt://D:/Android/Android Studio/jre!/jdk.naming.rmi" type="simple" />
            <root url="jrt://D:/Android/Android Studio/jre!/jdk.net" type="simple" />
            <root url="jrt://D:/Android/Android Studio/jre!/jdk.pack" type="simple" />
            <root url="jrt://D:/Android/Android Studio/jre!/jdk.scripting.nashorn" type="simple" />
            <root url="jrt://D:/Android/Android Studio/jre!/jdk.scripting.nashorn.shell" type="simple" />
            <root url="jrt://D:/Android/Android Studio/jre!/jdk.sctp" type="simple" />
            <root url="jrt://D:/Android/Android Studio/jre!/jdk.security.auth" type="simple" />
            <root url="jrt://D:/Android/Android Studio/jre!/jdk.security.jgss" type="simple" />
            <root url="jrt://D:/Android/Android Studio/jre!/jdk.unsupported" type="simple" />
            <root url="jrt://D:/Android/Android Studio/jre!/jdk.xml.dom" type="simple" />
            <root url="jrt://D:/Android/Android Studio/jre!/jdk.zipfs" type="simple" />
          </root>
        </classPath>
        <javadocPath>
          <root type="composite" />
        </javadocPath>
        <sourcePath>
          <root type="composite" />
        </sourcePath>
      </roots>
      <additional />
    </jdk>
    <jdk version="2">
      <name value="Embedded JDK" />
      <type value="JavaSDK" />
      <version value="version 11.0.12" />
      <homePath value="$APPLICATION_HOME_DIR$/jre" />
      <roots>
        <annotationsPath>
          <root type="composite">
            <root url="jar://$APPLICATION_HOME_DIR$/plugins/java/lib/jdkAnnotations.jar!/" type="simple" />
          </root>
        </annotationsPath>
        <classPath>
          <root type="composite">
            <root url="jrt://D:/Android/Android Studio/jre!/java.base" type="simple" />
            <root url="jrt://D:/Android/Android Studio/jre!/java.compiler" type="simple" />
            <root url="jrt://D:/Android/Android Studio/jre!/java.datatransfer" type="simple" />
            <root url="jrt://D:/Android/Android Studio/jre!/java.desktop" type="simple" />
            <root url="jrt://D:/Android/Android Studio/jre!/java.instrument" type="simple" />
            <root url="jrt://D:/Android/Android Studio/jre!/java.logging" type="simple" />
            <root url="jrt://D:/Android/Android Studio/jre!/java.management" type="simple" />
            <root url="jrt://D:/Android/Android Studio/jre!/java.management.rmi" type="simple" />
            <root url="jrt://D:/Android/Android Studio/jre!/java.naming" type="simple" />
            <root url="jrt://D:/Android/Android Studio/jre!/java.net.http" type="simple" />
            <root url="jrt://D:/Android/Android Studio/jre!/java.prefs" type="simple" />
            <root url="jrt://D:/Android/Android Studio/jre!/java.rmi" type="simple" />
            <root url="jrt://D:/Android/Android Studio/jre!/java.scripting" type="simple" />
            <root url="jrt://D:/Android/Android Studio/jre!/java.se" type="simple" />
            <root url="jrt://D:/Android/Android Studio/jre!/java.security.jgss" type="simple" />
            <root url="jrt://D:/Android/Android Studio/jre!/java.security.sasl" type="simple" />
            <root url="jrt://D:/Android/Android Studio/jre!/java.smartcardio" type="simple" />
            <root url="jrt://D:/Android/Android Studio/jre!/java.sql" type="simple" />
            <root url="jrt://D:/Android/Android Studio/jre!/java.sql.rowset" type="simple" />
            <root url="jrt://D:/Android/Android Studio/jre!/java.transaction.xa" type="simple" />
            <root url="jrt://D:/Android/Android Studio/jre!/java.xml" type="simple" />
            <root url="jrt://D:/Android/Android Studio/jre!/java.xml.crypto" type="simple" />
            <root url="jrt://D:/Android/Android Studio/jre!/jdk.accessibility" type="simple" />
            <root url="jrt://D:/Android/Android Studio/jre!/jdk.aot" type="simple" />
            <root url="jrt://D:/Android/Android Studio/jre!/jdk.attach" type="simple" />
            <root url="jrt://D:/Android/Android Studio/jre!/jdk.charsets" type="simple" />
            <root url="jrt://D:/Android/Android Studio/jre!/jdk.compiler" type="simple" />
            <root url="jrt://D:/Android/Android Studio/jre!/jdk.crypto.cryptoki" type="simple" />
            <root url="jrt://D:/Android/Android Studio/jre!/jdk.crypto.ec" type="simple" />
            <root url="jrt://D:/Android/Android Studio/jre!/jdk.dynalink" type="simple" />
            <root url="jrt://D:/Android/Android Studio/jre!/jdk.hotspot.agent" type="simple" />
            <root url="jrt://D:/Android/Android Studio/jre!/jdk.httpserver" type="simple" />
            <root url="jrt://D:/Android/Android Studio/jre!/jdk.internal.ed" type="simple" />
            <root url="jrt://D:/Android/Android Studio/jre!/jdk.internal.jvmstat" type="simple" />
            <root url="jrt://D:/Android/Android Studio/jre!/jdk.internal.le" type="simple" />
            <root url="jrt://D:/Android/Android Studio/jre!/jdk.internal.opt" type="simple" />
            <root url="jrt://D:/Android/Android Studio/jre!/jdk.internal.vm.ci" type="simple" />
            <root url="jrt://D:/Android/Android Studio/jre!/jdk.internal.vm.compiler" type="simple" />
            <root url="jrt://D:/Android/Android Studio/jre!/jdk.internal.vm.compiler.management" type="simple" />
            <root url="jrt://D:/Android/Android Studio/jre!/jdk.jartool" type="simple" />
            <root url="jrt://D:/Android/Android Studio/jre!/jdk.javadoc" type="simple" />
            <root url="jrt://D:/Android/Android Studio/jre!/jdk.jdeps" type="simple" />
            <root url="jrt://D:/Android/Android Studio/jre!/jdk.jdi" type="simple" />
            <root url="jrt://D:/Android/Android Studio/jre!/jdk.jdwp.agent" type="simple" />
            <root url="jrt://D:/Android/Android Studio/jre!/jdk.jfr" type="simple" />
            <root url="jrt://D:/Android/Android Studio/jre!/jdk.jlink" type="simple" />
            <root url="jrt://D:/Android/Android Studio/jre!/jdk.jsobject" type="simple" />
            <root url="jrt://D:/Android/Android Studio/jre!/jdk.localedata" type="simple" />
            <root url="jrt://D:/Android/Android Studio/jre!/jdk.management" type="simple" />
            <root url="jrt://D:/Android/Android Studio/jre!/jdk.management.agent" type="simple" />
            <root url="jrt://D:/Android/Android Studio/jre!/jdk.management.jfr" type="simple" />
            <root url="jrt://D:/Android/Android Studio/jre!/jdk.naming.dns" type="simple" />
            <root url="jrt://D:/Android/Android Studio/jre!/jdk.naming.rmi" type="simple" />
            <root url="jrt://D:/Android/Android Studio/jre!/jdk.net" type="simple" />
            <root url="jrt://D:/Android/Android Studio/jre!/jdk.pack" type="simple" />
            <root url="jrt://D:/Android/Android Studio/jre!/jdk.scripting.nashorn" type="simple" />
            <root url="jrt://D:/Android/Android Studio/jre!/jdk.scripting.nashorn.shell" type="simple" />
            <root url="jrt://D:/Android/Android Studio/jre!/jdk.sctp" type="simple" />
            <root url="jrt://D:/Android/Android Studio/jre!/jdk.security.auth" type="simple" />
            <root url="jrt://D:/Android/Android Studio/jre!/jdk.security.jgss" type="simple" />
            <root url="jrt://D:/Android/Android Studio/jre!/jdk.unsupported" type="simple" />
            <root url="jrt://D:/Android/Android Studio/jre!/jdk.xml.dom" type="simple" />
            <root url="jrt://D:/Android/Android Studio/jre!/jdk.zipfs" type="simple" />
          </root>
        </classPath>
        <javadocPath>
          <root type="composite" />
        </javadocPath>
        <sourcePath>
          <root type="composite" />
        </sourcePath>
      </roots>
      <additional />
    </jdk>
    <jdk version="2">
      <name value="Android Studio java home" />
      <type value="JavaSDK" />
      <version value="version 11.0.12" />
      <homePath value="$APPLICATION_HOME_DIR$/jre" />
      <roots>
        <annotationsPath>
          <root type="composite">
            <root url="jar://$APPLICATION_HOME_DIR$/plugins/java/lib/jdkAnnotations.jar!/" type="simple" />
          </root>
        </annotationsPath>
        <classPath>
          <root type="composite">
            <root url="jrt://D:/Android/Android Studio/jre!/java.base" type="simple" />
            <root url="jrt://D:/Android/Android Studio/jre!/java.compiler" type="simple" />
            <root url="jrt://D:/Android/Android Studio/jre!/java.datatransfer" type="simple" />
            <root url="jrt://D:/Android/Android Studio/jre!/java.desktop" type="simple" />
            <root url="jrt://D:/Android/Android Studio/jre!/java.instrument" type="simple" />
            <root url="jrt://D:/Android/Android Studio/jre!/java.logging" type="simple" />
            <root url="jrt://D:/Android/Android Studio/jre!/java.management" type="simple" />
            <root url="jrt://D:/Android/Android Studio/jre!/java.management.rmi" type="simple" />
            <root url="jrt://D:/Android/Android Studio/jre!/java.naming" type="simple" />
            <root url="jrt://D:/Android/Android Studio/jre!/java.net.http" type="simple" />
            <root url="jrt://D:/Android/Android Studio/jre!/java.prefs" type="simple" />
            <root url="jrt://D:/Android/Android Studio/jre!/java.rmi" type="simple" />
            <root url="jrt://D:/Android/Android Studio/jre!/java.scripting" type="simple" />
            <root url="jrt://D:/Android/Android Studio/jre!/java.se" type="simple" />
            <root url="jrt://D:/Android/Android Studio/jre!/java.security.jgss" type="simple" />
            <root url="jrt://D:/Android/Android Studio/jre!/java.security.sasl" type="simple" />
            <root url="jrt://D:/Android/Android Studio/jre!/java.smartcardio" type="simple" />
            <root url="jrt://D:/Android/Android Studio/jre!/java.sql" type="simple" />
            <root url="jrt://D:/Android/Android Studio/jre!/java.sql.rowset" type="simple" />
            <root url="jrt://D:/Android/Android Studio/jre!/java.transaction.xa" type="simple" />
            <root url="jrt://D:/Android/Android Studio/jre!/java.xml" type="simple" />
            <root url="jrt://D:/Android/Android Studio/jre!/java.xml.crypto" type="simple" />
            <root url="jrt://D:/Android/Android Studio/jre!/jdk.accessibility" type="simple" />
            <root url="jrt://D:/Android/Android Studio/jre!/jdk.aot" type="simple" />
            <root url="jrt://D:/Android/Android Studio/jre!/jdk.attach" type="simple" />
            <root url="jrt://D:/Android/Android Studio/jre!/jdk.charsets" type="simple" />
            <root url="jrt://D:/Android/Android Studio/jre!/jdk.compiler" type="simple" />
            <root url="jrt://D:/Android/Android Studio/jre!/jdk.crypto.cryptoki" type="simple" />
            <root url="jrt://D:/Android/Android Studio/jre!/jdk.crypto.ec" type="simple" />
            <root url="jrt://D:/Android/Android Studio/jre!/jdk.dynalink" type="simple" />
            <root url="jrt://D:/Android/Android Studio/jre!/jdk.hotspot.agent" type="simple" />
            <root url="jrt://D:/Android/Android Studio/jre!/jdk.httpserver" type="simple" />
            <root url="jrt://D:/Android/Android Studio/jre!/jdk.internal.ed" type="simple" />
            <root url="jrt://D:/Android/Android Studio/jre!/jdk.internal.jvmstat" type="simple" />
            <root url="jrt://D:/Android/Android Studio/jre!/jdk.internal.le" type="simple" />
            <root url="jrt://D:/Android/Android Studio/jre!/jdk.internal.opt" type="simple" />
            <root url="jrt://D:/Android/Android Studio/jre!/jdk.internal.vm.ci" type="simple" />
            <root url="jrt://D:/Android/Android Studio/jre!/jdk.internal.vm.compiler" type="simple" />
            <root url="jrt://D:/Android/Android Studio/jre!/jdk.internal.vm.compiler.management" type="simple" />
            <root url="jrt://D:/Android/Android Studio/jre!/jdk.jartool" type="simple" />
            <root url="jrt://D:/Android/Android Studio/jre!/jdk.javadoc" type="simple" />
            <root url="jrt://D:/Android/Android Studio/jre!/jdk.jdeps" type="simple" />
            <root url="jrt://D:/Android/Android Studio/jre!/jdk.jdi" type="simple" />
            <root url="jrt://D:/Android/Android Studio/jre!/jdk.jdwp.agent" type="simple" />
            <root url="jrt://D:/Android/Android Studio/jre!/jdk.jfr" type="simple" />
            <root url="jrt://D:/Android/Android Studio/jre!/jdk.jlink" type="simple" />
            <root url="jrt://D:/Android/Android Studio/jre!/jdk.jsobject" type="simple" />
            <root url="jrt://D:/Android/Android Studio/jre!/jdk.localedata" type="simple" />
            <root url="jrt://D:/Android/Android Studio/jre!/jdk.management" type="simple" />
            <root url="jrt://D:/Android/Android Studio/jre!/jdk.management.agent" type="simple" />
            <root url="jrt://D:/Android/Android Studio/jre!/jdk.management.jfr" type="simple" />
            <root url="jrt://D:/Android/Android Studio/jre!/jdk.naming.dns" type="simple" />
            <root url="jrt://D:/Android/Android Studio/jre!/jdk.naming.rmi" type="simple" />
            <root url="jrt://D:/Android/Android Studio/jre!/jdk.net" type="simple" />
            <root url="jrt://D:/Android/Android Studio/jre!/jdk.pack" type="simple" />
            <root url="jrt://D:/Android/Android Studio/jre!/jdk.scripting.nashorn" type="simple" />
            <root url="jrt://D:/Android/Android Studio/jre!/jdk.scripting.nashorn.shell" type="simple" />
            <root url="jrt://D:/Android/Android Studio/jre!/jdk.sctp" type="simple" />
            <root url="jrt://D:/Android/Android Studio/jre!/jdk.security.auth" type="simple" />
            <root url="jrt://D:/Android/Android Studio/jre!/jdk.security.jgss" type="simple" />
            <root url="jrt://D:/Android/Android Studio/jre!/jdk.unsupported" type="simple" />
            <root url="jrt://D:/Android/Android Studio/jre!/jdk.xml.dom" type="simple" />
            <root url="jrt://D:/Android/Android Studio/jre!/jdk.zipfs" type="simple" />
          </root>
        </classPath>
        <javadocPath>
          <root type="composite" />
        </javadocPath>
        <sourcePath>
          <root type="composite" />
        </sourcePath>
      </roots>
      <additional />
    </jdk>
  </component>
</application>